,dataset,old_pos,new_pos,neg,old_label_counts,new_label_counts,old_ir,new_ir,cv_old_ir,cv_new_ir,old_entropy,new_entropy
5,D6,3767,41412,213966,"[3767, 213966]","[41412, 213966]",56.80010618529334,5.166763257026949,0.9653979874433366,0.6756807555858375,0.12600569652983923,0.6394511147034593
1,K562,120,1076,20199,"[120, 20199]","[1076, 20199]",168.325,18.772304832713754,0.988188395098184,0.8988484136310223,0.052219564028390675,0.28883786821067237
6,D7,52,327,10077,"[52, 10077]","[327, 10077]",193.78846153846155,30.81651376146789,0.9897324513772336,0.9371395617070357,0.04643370449677577,0.2015143928791691
0,Hek293t,536,4935,132378,"[536, 132378]","[4935, 132378]",246.97388059701493,26.824316109422494,0.9919346344252674,0.9281204255969937,0.03788232249227496,0.2233560019279297
3,D8,354,3381,294180,"[354, 294180]","[3381, 294180]",831.0169491525423,87.00976042590949,0.9975962028152947,0.977275247764324,0.013391910857022897,0.08969526999239981
2,D3,54,330,95775,"[54, 95775]","[330, 95775]",1773.611111111111,290.22727272727275,0.9988729925179225,0.9931325113157484,0.006894792665902431,0.0330539679350227
4,D5,56,281,383407,"[56, 383407]","[281, 383407]",6846.553571428572,1364.4377224199288,0.9997079248845391,0.9985352682387774,0.0020713912606085635,0.008683892517286991
